

/* --------------------- Populate User Table --------------------------*/

INSERT INTO Users VALUES (1, "tincidunt@hendrerit.net", 1, "Jageoid", "Noelani", "Livingston", "ilovecats", 50, 8128816367, "f", 30000, NULL, NULL, NULL);
INSERT INTO Users VALUES (2, "eu@aliquameros.co.uk", 1, "Boedojek", "Chava", "Hughes", "6!n7N27!1Bpd", 42, 5619541349, "m", 70000, NULL, NULL, NULL);
INSERT INTO Users VALUES (3, "euismod.enim.Etiam@amet.co.uk", 1, "Jadazkic", "Calista", "Mccarthy", "wH3331e^$G2T", 39, 4152913638, "f", 60000, NULL, NULL, NULL);
INSERT INTO Users VALUES (4, "Quisque.nonummy.ipsum@velnislQuisque.edu", 1, "Chenjvhioi", "Audrey", "Carlson", "U54z2958xu", 27, 5574465760, "m", 90000, NULL, NULL, NULL);
INSERT INTO Users VALUES (5, "ligula@fermentumrisus.co.uk", 1, "Kacixone", "Hamilton", "Padilla", "T1w55G2f8!!v", 26, 5148510943, "m", 120000, NULL, NULL, NULL);
INSERT INTO Users VALUES (6, "dolor.nonummy.ac@tellusPhasellus.net", 1, "Ukegle", "Lysandra","Keith", "867pV3M%8Nxu", 38, 2069449894, "f", 90000, NULL, NULL, NULL);
INSERT INTO Users VALUES (7, "quam@imperdietnec.net", 1, "Jaxohoh", "Renee", "May", "iR75200@4Z4N", 31, 1394659924, "f", 40000, NULL, NULL, NULL);
INSERT INTO Users VALUES (8, "in.felis@nec.edu", 1, "Thexboh", "Alvin", "Robins", "5g1F08@3$R*9", 40, 9529865345, "m", 60000, NULL, NULL, NULL);
INSERT INTO Users VALUES (9, "dui.Suspendisse@adipiscing.co.uk", 1, "Thoeyeb", "Britanney", "Hutchinson", "k579M46&0&AL", 32, 4847235130, "f", 70000, NULL, NULL, NULL);
INSERT INTO Users VALUES (10, "et@necmollis.ca", 1,"Kapzytdubuj", "Lee", "Fernandez", "Ep04^%082Ikr", 66, 4428243635, "m", 50000, NULL, NULL, NULL);
INSERT INTO Users VALUES (11, "mauris.erat.eget@mollisdui.org", 1, "Jacdeva", "Tiger", "Curry", "2f0Z835***X1", 21, 2469925314, "m", 30000, NULL, NULL, NULL);
INSERT INTO Users VALUES (12, "volutpat.Nulla@magnisdisparturient.edu", 1, "Zolehe", "Dakota", "Nieves", "445L3&*g7UFg", 22, 7375808370, "f", 450000, NULL, NULL, NULL);
INSERT INTO Users VALUES (13, "elit.pede@aliquet.ca", 1, "Kacisen", "Raya", "Beasley", "31i1J33#^3bq", 25, 6534030213, "f", 20000, NULL, NULL, NULL);
INSERT INTO Users VALUES (14, "nunc.ac.mattis@necmalesuadaut.co.uk", 1, "Jarnqkg", "Aladdin", "Gilmore", "809xY196#&&f", 44, 3896314720, "m", 40000, NULL, NULL, NULL);
INSERT INTO Users VALUES (15, "ut.sem@nonlobortisquis.org", 1, "Kanaigw", "Janna", "Chaney", "9s2D9452%tq%", 45, 2436937130, "f", 60000, NULL, NULL, NULL);
INSERT INTO Users VALUES (16, "Cras.dictum.ultricies@Praesentinterdumligula.com", 1, "Kawzvjtpqmts", "Prescott", "Fox", "8Va%0k547l64", 54, 5715927790, "m", 70000, NULL, NULL, NULL);
INSERT INTO Users VALUES (17, "dui.nec@dignissimlacusAliquam.edu", 1, "Ihaqu", "Zane", "Castaneda", "P2p0009Wr26*", 18, 9125329335, "m", 60000, NULL, NULL, NULL);
INSERT INTO Users VALUES (18, "congue@magna.co.uk", 1, "Kavafou", "Iliana", "Haynes", "e1C2253$UtcD", 23, 3654248457, "f", 10000, NULL, NULL, NULL);
INSERT INTO Users VALUES (19, "Nunc.commodo@imperdietullamcorper.org", 1, "Thixxof", "Jane", "Ashley", "1J8o2^3W25c9", 54, 5148510943, "f", 20000, NULL, NULL, NULL);
INSERT INTO Users VALUES (20, "Sed.eu@consequat.edu", 1, "Jiotrzcb", "Oscar", "Mayer", "Ho90%5h3N5O6", 34, 4045379695, "m", 80000, NULL, NULL, NULL);




/* --------------------- Populate postal_addr Table --------------------------*/

INSERT INTO postal_addr VALUES ("305-3604 Magna Avenue", "Orbais", "WB", 22305-939, 1);
INSERT INTO postal_addrVALUES ("P.O. Box 688, 1481 Blandit Av.", "Vienna", "Vienna", 56000, 2);
INSERT INTO postal_addr VALUES ("P.O.Box 141, 8553 Scelerisque Rd.", "San Juan", "San José", 97283, 3);
INSERT INTO postal_addr VALUES ("9667 Morbi Rd.", "Vallentuna", "Stockholms län", 18577, 4);
INSERT INTO postal_addr VALUES ("647-9311 Iaculis Rd.", "Salt Spring Island", "British Columbia", 23432, 5);
INSERT INTO postal_addr VALUES ("7784 Convallis Ave", "Worcester", "MA", 80373, 6);
INSERT INTO postal_addr VALUES ("5462 Ipsum. Rd.", "Grey County", "ON", 8086XR, 7);
INSERT INTO postal_addr VALUES ("820-647 Ac St.", "Van", "NY", 65275, 8);
INSERT INTO postal_addr VALUES ("Ap #990-9474 Natoque Road", "Rangiora", "South Island", 16568, 9);
INSERT INTO postal_addr VALUES ("4732 Erat. St.", "Alajuela", "AL", 05275, 10);
INSERT INTO postal_addr VALUES ("7993 Sodales. Rd", "Benalla", "VIC", 31651, 11);
INSERT INTO postal_addr VALUES ("244-3317 Lorem Av.", "Galway", "Connacht", 37646, 12);
INSERT INTO postal_addr VALUES ("Ap #915-2986 Aenean Rd.", "Chandler", "Arizona", 44527, 13);
INSERT INTO postal_addr VALUES ("2490 In Avenue", "Saint Paul", "MN", P3J4Y5, 14);
INSERT INTO postal_addr VALUES ("566-1057 Tellus St.", "Montreuil", "France", X5V1E0, 15);
INSERT INTO postal_addr VALUES ("8712 Tempor Avenue", "Juazeiro do Norte", "Ceará", 30801, 16);
INSERT INTO postal_addr VALUES ("628-6056 Metus St.", "Toltén", "IX", 94255, 17);
INSERT INTO postal_addr VALUES ("4178 Pellentesque Ave", "Lachine", "QC", 06509-941, 18);
INSERT INTO postal_addr VALUES ("1161 Nunc St.", "São Gonçalo", "RJ", 60511, 19);
INSERT INTO postal_addr VALUES ("1990 Iaculis Av.", "Morwell", "VIC", 54391, 20);




/* --------------------- Populate creadit_card Table --------------------------*/

INSERT INTO credit_card VALUES (4485944851395678, "Visa", 324, 0120, "Noelani", "Livingston", 1);
INSERT INTO credit_card VALUES (4916578400997748, "Visa", 234, 0420, "Chava", "Hughes", 2);
INSERT INTO credit_card VALUES (4532441178116682, "Visa", 654, 1223, "Calista", "Mccarthy", 3);
INSERT INTO credit_card VALUES (4556514508451499, "Visa", 432, 0223, "Audrey", "Carlson", 4);
INSERT INTO credit_card VALUES (4716842929158105, "Visa", 556, 0319, "Hamilton", "Padilla", 5);
INSERT INTO credit_card VALUES (5467458744897179, "MasterCard", 324, 0222, "Lysandra", "Keith", 6);
INSERT INTO credit_card VALUES (5222221493617800, "MasterCard", 687, 0120, "Renee", "May", 7);
INSERT INTO credit_card VALUES (5308228056773109, "MasterCard", 997, 0421, "Alvin", "Robins", 8);
INSERT INTO credit_card VALUES (5466361732604543, "MasterCard", 779, 0124, "Britanney", "Hutchinson", 9);
INSERT INTO credit_card VALUES (5302568903822971, "MasterCard", 543, 0718, "Lee", "Fernandez", 10);
INSERT INTO credit_card VALUES (6011777415970927, "Discover", 777, 0919, "Tiger", "Curry", 11);
INSERT INTO credit_card VALUES (6011667669912974, "Discover", 444, 0220, "Dakota", "Niewes", 12);
INSERT INTO credit_card VALUES (6011602317399415, "Discover", 333, 0117, "Raya", "Beasley", 13);
INSERT INTO credit_card VALUES (6011058123251003, "Discover", 543, 0123, "Aladdin", "Golmore", 14);
INSERT INTO credit_card VALUES (6011959340055384, "Discover", 696, 0419, "Janna", "Chaney", 15);
INSERT INTO credit_card VALUES (371076906188926, "American Express", 747, 0617, "Prescott", "Fox", 16);
INSERT INTO credit_card VALUES (349290812195094, "American Express", 424, 0718, "Zane", "Castaneda", 17);
INSERT INTO credit_card VALUES (375933793515445, "American Express", 832, 0919, "Iliana", "Haynes", 18);
INSERT INTO credit_card VALUES (371272374441158, "American Express", 592, 0719, "Jane", "Ashley", 19);
INSERT INTO credit_card VALUES (372042594358436, "American Express", 943, 1120, "Oscar", "Mayer", 20);




/* --------------------- Populate billing_addr Table --------------------------*/

INSERT INTO billing_addr VALUES ("305-3604 Magna Avenue", "Orbais", "WB", 22305-939, 4485944851395678);
INSERT INTO billing_addr VALUES ("P.O. Box 688, 1481 Blandit Av.", "Vienna", "Vienna", 56000, 4916578400997748);
INSERT INTO billing_addr VALUES ("P.O.Box 141, 8553 Scelerisque Rd.", "San Juan", "San Jose", 97283, 4532441178116682);
INSERT INTO billing_addr VALUES ("9667 Morbi Rd.", "Vallentuna", "Stockholms Ian", 18577, 4556514508451499);
INSERT INTO billing_addr VALUES ("647-9311 Iaculis Rd", "Salt Spring Island", "British Columbia", 23432, 4716842929158105);
INSERT INTO billing_addr VALUES ("7784 Convallis Ave", "Worchester", "MA", 80373, 5467458744897179);
INSERT INTO billing_addr VALUES ("5462 Ipsum. Rd.", "Grey County", "ON", 8086XR, 5222221493617800);
INSERT INTO billing_addr VALUES ("820-647 Ac St.", "Van", "NY", 65275, 5308228056773109);
INSERT INTO billing_addr VALUES ("Ap #990-9474 Natoque Road", "Rangiora", "South Island", 16568, 5466361732604543);
INSERT INTO billing_addr VALUES ("4732 Erat. St.", "Alajuela", "AL", 05275, 5302568903822971);
INSERT INTO billing_addr VALUES ("7993 Sodales. Rd", "Benalla", "VIC", 31651, 6011777415970927);
INSERT INTO billing_addr VALUES ("244-3317 Lorem Av.", "Galway", "Connacht", 37646, 6011667669912974);
INSERT INTO billing_addr VALUES ("Ap #915-2986 Aenean Rd.", "Chandler", "Arizona", 44527, 6011602317399415);
INSERT INTO billing_addr VALUES ("2490 In Avenue", "Saint Paul", "MN", P3J4Y5, 6011058123251003);
INSERT INTO billing_addr VALUES ("566-1057 Tellus St.", "Montreuil", "France", X5V1E0, 6011959340055384);
INSERT INTO billing_addr VALUES ("8712 Tempor Avenue", "Juazeiro do Norte", "Ceara", 30801, 371076906188926);
INSERT INTO billing_addr VALUES ("628-6056 Metus St.", "Tolten", "IX", 94255, 349290812195094);
INSERT INTO billing_addr VALUES ("4178 Pellentesque Ave", "Lachine", "QC", 06509-941, 375933793515445);
INSERT INTO billing_addr VALUES ("1161 Nunc St.", "São Gonçalo", "RJ", 60511, 371272374441158);
INSERT INTO billing_addr VALUES ("1990 Iaculis Av.", "Morwell", "VIC", 54391, 372042594358436);



/* --------------------- Populate user_rating Table --------------------------*/

INSERT INTO user_rating VALUES (1, "2016-01-15 12:20:13", 4, "Samsung TV","Great product!", 6);
INSERT INTO user_rating VALUES (2, "2017-02-12 15:23:02", 3, "IPhone 7","My son loved this as a birthday gift!", 2);
INSERT INTO user_rating VALUES (3, "2016-12-17 02:54:23", 5, "Men's Cargo shorts","They fit great!", 12);
INSERT INTO user_rating VALUES (4, "2016-07-24 13:52:01", 2, "Headphones","Poor quality headphones. They broke after 10 uses.", 10);
INSERT INTO user_rating VALUES (5, "2017-03-01 20:45:04", 4, "Playstation4","Great graphics and so many features!", 19);
