USE fusion;

/* --------------------- Populate User Table --------------------------*/
INSERT INTO Users (reg_id, email, active, username, first_name, last_name, password, age, phone_num, gender, annual_salary) VALUES ("1", "tincidunt@hendrerit.net", 1, "Jageoid", "Noelani", "Livingston", "ilovecats", 50, "812-881-6367", "f", 30000);
INSERT INTO Users (reg_id, email, active, username, first_name, last_name, password, age, phone_num, gender, annual_salary) VALUES ("2", "eu@aliquameros.co.uk", 1, "Boedojek", "Chava", "Hughes", "6!n7N27!1Bpd", 42, "561-954-1349", "m", 70000);
INSERT INTO Users (reg_id, email, active, username, first_name, last_name, password, age, phone_num, gender, annual_salary) VALUES ("3", "euismod.enim.Etiam@amet.co.uk", 1, "Jadazkic", "Calista", "Mccarthy", "wH3331e^$G2T", 39, "415-291-3638", "f", 60000);
INSERT INTO Users (reg_id, email, active, username, first_name, last_name, password, age, phone_num, gender, annual_salary) VALUES ("4", "Quisque.nonummy.ipsum@velnislQuisque.edu", 1, "Chenjvhioi", "Audrey", "Carlson", "U54z2958xu", 27, "557-446-5760", "m", 90000);
INSERT INTO Users (reg_id, email, active, username, first_name, last_name, password, age, phone_num, gender, annual_salary) VALUES ("5", "ligula@fermentumrisus.co.uk", 1, "Kacixone", "Hamilton", "Padilla", "T1w55G2f8!!v", 26, "514-851-0943", "m", 120000);
INSERT INTO Users (reg_id, email, active, username, first_name, last_name, password, age, phone_num, gender, annual_salary) VALUES ("6", "dolor.nonummy.ac@tellusPhasellus.net", 1, "Ukegle", "Lysandra","Keith", "867pV3M%8Nxu", 38, "206-944-9894", "f", 90000);
INSERT INTO Users (reg_id, email, active, username, first_name, last_name, password, age, phone_num, gender, annual_salary) VALUES ("7", "quam@imperdietnec.net", 1, "Jaxohoh", "Renee", "May", "iR75200@4Z4N", 31, "139-465-9924", "f", 40000);
INSERT INTO Users (reg_id, email, active, username, first_name, last_name, password, age, phone_num, gender, annual_salary) VALUES ("8", "in.felis@nec.edu", 1, "Thexboh", "Alvin", "Robins", "5g1F08@3$R*9", 40, "952-986-5345", "m", 60000);
INSERT INTO Users (reg_id, email, active, username, first_name, last_name, password, age, phone_num, gender, annual_salary) VALUES ("9", "dui.Suspendisse@adipiscing.co.uk", 1, "Thoeyeb", "Britanney", "Hutchinson", "k579M46&0&AL", 32, "484-723-5130", "f", 70000);
INSERT INTO Users (reg_id, email, active, username, first_name, last_name, password, age, phone_num, gender, annual_salary) VALUES ("10", "et@necmollis.ca", 1,"Kapzytdubuj", "Lee", "Fernandez", "Ep04^%082Ikr", 66, "442-824-3635", "m", 50000);
INSERT INTO Users (reg_id, email, active, username, first_name, last_name, password, age, phone_num, gender, annual_salary) VALUES ("11", "mauris.erat.eget@mollisdui.org", 1, "Jacdeva", "Tiger", "Curry", "2f0Z835***X1", 21, "246-992-5314", "m", 30000);
INSERT INTO Users (reg_id, email, active, username, first_name, last_name, password, age, phone_num, gender, annual_salary) VALUES ("12", "volutpat.Nulla@magnisdisparturient.edu", 1, "Zolehe", "Dakota", "Nieves", "445L3&*g7UFg", 22, "737-580-8370", "f", 450000);
INSERT INTO Users (reg_id, email, active, username, first_name, last_name, password, age, phone_num, gender, annual_salary) VALUES ("13", "elit.pede@aliquet.ca", 1, "Kacisen", "Raya", "Beasley", "31i1J33#^3bq", 25, "653-403-0213", "f", 20000);
INSERT INTO Users (reg_id, email, active, username, first_name, last_name, password, age, phone_num, gender, annual_salary) VALUES ("14", "nunc.ac.mattis@necmalesuadaut.co.uk", 1, "Jarnqkg", "Aladdin", "Gilmore", "809xY196#&&f", 44, "389-631-4720", "m", 40000);
INSERT INTO Users (reg_id, email, active, username, first_name, last_name, password, age, phone_num, gender, annual_salary) VALUES ("15", "ut.sem@nonlobortisquis.org", 1, "Kanaigw", "Janna", "Chaney", "9s2D9452%tq%", 45, "243-693-7130", "f", 60000);
INSERT INTO Users (reg_id, email, active, username, first_name, last_name, password, age, phone_num, gender, annual_salary) VALUES ("16", "Cras.dictum.ultricies@Praesentinterdumligula.com", 1, "Kawzvjtpqmts", "Prescott", "Fox", "8Va%0k547l64", 54, "571-592-7790", "m", 70000);
INSERT INTO Users (reg_id, email, active, username, first_name, last_name, password, age, phone_num, gender, annual_salary) VALUES ("17", "dui.nec@dignissimlacusAliquam.edu", 1, "Ihaqu", "Zane", "Castaneda", "P2p0009Wr26*", 18, "912-532-9335", "m", 60000);
INSERT INTO Users (reg_id, email, active, username, first_name, last_name, password, age, phone_num, gender, annual_salary) VALUES ("18", "congue@magna.co.uk", 1, "Kavafou", "Iliana", "Haynes", "e1C2253$UtcD", 23, "365-424-8457", "f", 10000);
INSERT INTO Users (reg_id, email, active, username, first_name, last_name, password, age, phone_num, gender, annual_salary) VALUES ("19", "Nunc.commodo@imperdietullamcorper.org", 1, "Thixxof", "Jane", "Ashley", "1J8o2^3W25c9", 54, "514-851-0943", "f", 20000);
INSERT INTO Users (reg_id, email, active, username, first_name, last_name, password, age, phone_num, gender, annual_salary) VALUES ("20", "Sed.eu@consequat.edu", 1, "Jiotrzcb", "Oscar", "Mayer", "Ho90%5h3N5O6", 34, "404-537-9695", "m", 80000);

/* --------------------- Populate suppliers Table --------------------------*/

INSERT INTO suppliers (supplier_id, company_name, password, category, yearly_revenue, url_ext, banner_img, about_description) VALUES (1, "Best Buy", "electronics123", 1, 1000090, NULL, NULL, NULL);
INSERT INTO suppliers (supplier_id, company_name, password, category, yearly_revenue, url_ext, banner_img, about_description) VALUES (2, "Radio Shack", "headphones12", 1, 100203, NULL, NULL, NULL);
INSERT INTO suppliers (supplier_id, company_name, password, category, yearly_revenue, url_ext, banner_img, about_description) VALUES (3, "Golf Galaxy", "golfisfun21", 255, 1020302, NULL, NULL, NULL);


/* --------------------- Populate credit_card Table --------------------------*/

INSERT INTO credit_card (card_number, type, cvv, exp_date_year, exp_date_month, first_name, last_name, reg_id) VALUES ("4485944851395678", "Visa", 324, 2017, 12, "Noelani", "Livingston", "1");
INSERT INTO credit_card (card_number, type, cvv, exp_date_year, exp_date_month, first_name, last_name, reg_id) VALUES ("4916578400997748", "Visa", 234, 2018, 12, "Chava", "Hughes", "2");
INSERT INTO credit_card (card_number, type, cvv, exp_date_year, exp_date_month, first_name, last_name, reg_id) VALUES ("4532441178116682", "Visa", 654, 2019, 12, "Calista", "Mccarthy", "3");
INSERT INTO credit_card (card_number, type, cvv, exp_date_year, exp_date_month, first_name, last_name, reg_id) VALUES ("4556514508451499", "Visa", 432, 2020, 12, "Audrey", "Carlson", "4");
INSERT INTO credit_card (card_number, type, cvv, exp_date_year, exp_date_month, first_name, last_name, reg_id) VALUES ("4716842929158105", "Visa", 556, 2021, 12, "Hamilton", "Padilla", "5");
INSERT INTO credit_card (card_number, type, cvv, exp_date_year, exp_date_month, first_name, last_name, reg_id) VALUES ("5467458744897179", "MasterCard", 324, 2017, 12, "Lysandra", "Keith", "6");
INSERT INTO credit_card (card_number, type, cvv, exp_date_year, exp_date_month, first_name, last_name, reg_id) VALUES ("5222221493617800", "MasterCard", 687, 2018, 12, "Renee", "May", "7");
INSERT INTO credit_card (card_number, type, cvv, exp_date_year, exp_date_month, first_name, last_name, reg_id) VALUES ("5308228056773109", "MasterCard", 997, 2019, 12, "Alvin", "Robins", "8");
INSERT INTO credit_card (card_number, type, cvv, exp_date_year, exp_date_month, first_name, last_name, reg_id) VALUES ("5466361732604543", "MasterCard", 779, 2020, 12, "Britanney", "Hutchinson", "9");
INSERT INTO credit_card (card_number, type, cvv, exp_date_year, exp_date_month, first_name, last_name, reg_id) VALUES ("5302568903822971", "MasterCard", 543, 2021, 12, "Lee", "Fernandez", "10");
INSERT INTO credit_card (card_number, type, cvv, exp_date_year, exp_date_month, first_name, last_name, reg_id) VALUES ("6011777415970927", "Discover", 777, 2017, 12, "Tiger", "Curry", "11");
INSERT INTO credit_card (card_number, type, cvv, exp_date_year, exp_date_month, first_name, last_name, reg_id) VALUES ("6011667669912974", "Discover", 444, 2018, 12, "Dakota", "Niewes", "12");
INSERT INTO credit_card (card_number, type, cvv, exp_date_year, exp_date_month, first_name, last_name, reg_id) VALUES ("6011602317399415", "Discover", 333, 2019, 12, "Raya", "Beasley", "13");
INSERT INTO credit_card (card_number, type, cvv, exp_date_year, exp_date_month, first_name, last_name, reg_id) VALUES ("6011058123251003", "Discover", 543, 2020, 12, "Aladdin", "Golmore", "14");
INSERT INTO credit_card (card_number, type, cvv, exp_date_year, exp_date_month, first_name, last_name, reg_id) VALUES ("6011959340055384", "Discover", 696, 2021, 12, "Janna", "Chaney", "15");
INSERT INTO credit_card (card_number, type, cvv, exp_date_year, exp_date_month, first_name, last_name, reg_id) VALUES ("3710769061889264", "American Express", 747, 2017, 12, "Prescott", "Fox", "16");
INSERT INTO credit_card (card_number, type, cvv, exp_date_year, exp_date_month, first_name, last_name, reg_id) VALUES ("3492908121950946", "American Express", 424, 2018, 12, "Zane", "Castaneda", "17");
INSERT INTO credit_card (card_number, type, cvv, exp_date_year, exp_date_month, first_name, last_name, reg_id) VALUES ("3759337935154452", "American Express", 832, 2019, 12, "Iliana", "Haynes", "18");
INSERT INTO credit_card (card_number, type, cvv, exp_date_year, exp_date_month, first_name, last_name, reg_id) VALUES ("3712723744411583", "American Express", 592, 2020, 12, "Jane", "Ashley", "19");
INSERT INTO credit_card (card_number, type, cvv, exp_date_year, exp_date_month, first_name, last_name, reg_id) VALUES ("3720425943584361", "American Express", 943, 2021, 12, "Oscar", "Mayer", "20");


/* --------------------- Populate billing_addr Table --------------------------*/

INSERT INTO billing_addr (street_addr, city, state, zip, card_number) VALUES ("305-3604 Magna Avenue", "Orbais", "WB", 22305, "4485944851395678");
INSERT INTO billing_addr (street_addr, city, state, zip, card_number) VALUES ("P.O. Box 688, 1481 Blandit Av.", "Vienna", "NY", 56000, "4916578400997748");
INSERT INTO billing_addr (street_addr, city, state, zip, card_number) VALUES ("P.O.Box 141, 8553 Scelerisque Rd.", "San Juan", "SJ", 97283, "4532441178116682");
INSERT INTO billing_addr (street_addr, city, state, zip, card_number) VALUES ("9667 Morbi Rd.", "Vallentuna", "Stockholms Ian", 18577, "4556514508451499");
INSERT INTO billing_addr (street_addr, city, state, zip, card_number) VALUES ("647-9311 Iaculis Rd", "Salt Spring Island", "British Columbia", 23432, "4716842929158105");
INSERT INTO billing_addr (street_addr, city, state, zip, card_number) VALUES ("7784 Convallis Ave", "Worchester", "MA", 80373, "5467458744897179");
INSERT INTO billing_addr (street_addr, city, state, zip, card_number) VALUES ("5462 Ipsum. Rd.", "Grey County", "ON", 808689, "5222221493617800");
INSERT INTO billing_addr (street_addr, city, state, zip, card_number) VALUES ("820-647 Ac St.", "Van", "NY", 65275, "5308228056773109");
INSERT INTO billing_addr (street_addr, city, state, zip, card_number) VALUES ("Ap #990-9474 Natoque Road", "Rangiora", "South Island", 16568, "5466361732604543");
INSERT INTO billing_addr (street_addr, city, state, zip, card_number) VALUES ("4732 Erat. St.", "Alajuela", "AL", 05275, "5302568903822971");
INSERT INTO billing_addr (street_addr, city, state, zip, card_number) VALUES ("7993 Sodales. Rd", "Benalla", "VIC", 31651, "6011777415970927");
INSERT INTO billing_addr (street_addr, city, state, zip, card_number) VALUES ("244-3317 Lorem Av.", "Galway", "Connacht", 37646, "6011667669912974");
INSERT INTO billing_addr (street_addr, city, state, zip, card_number) VALUES ("Ap #915-2986 Aenean Rd.", "Chandler", "Arizona", 44527, "6011602317399415");
INSERT INTO billing_addr (street_addr, city, state, zip, card_number) VALUES ("2490 In Avenue", "Saint Paul", "MN", 99582, "6011058123251003");
INSERT INTO billing_addr (street_addr, city, state, zip, card_number) VALUES ("566-1057 Tellus St.", "Montreuil", "France", 43231, "6011959340055384");
INSERT INTO billing_addr (street_addr, city, state, zip, card_number) VALUES ("8712 Tempor Avenue", "Juazeiro do Norte", "Ceara", 30801, "3710769061889264");
INSERT INTO billing_addr (street_addr, city, state, zip, card_number) VALUES ("628-6056 Metus St.", "Tolten", "IX", 94255, "3492908121950946");
INSERT INTO billing_addr (street_addr, city, state, zip, card_number) VALUES ("4178 Pellentesque Ave", "Lachine", "QC", 06509-941, "3759337935154452");
INSERT INTO billing_addr (street_addr, city, state, zip, card_number) VALUES ("1161 Nunc St.", "São Gonçalo", "RJ", 60511, "3712723744411583");
INSERT INTO billing_addr (street_addr, city, state, zip, card_number) VALUES ("1990 Iaculis Av.", "Morwell", "VIC", 54391, "3720425943584361");

/* --------------------- Populate sale_items Table --------------------------*/

INSERT INTO sale_items (id, name, seller, price, reservePrice, quantity, category, detailedDescriptionURL, typeOfSale, description) VALUES (1, "Deepwater Horizon", 1, 1500, 2000, 3, 342, "Mark Wahlberg", 1, "From the director of Lone Survivor");
INSERT INTO sale_items (id, name, seller, price, reservePrice, quantity, category, detailedDescriptionURL, typeOfSale, description) VALUES (2, "Arrival", 1, 1300, 2000, 3, 342, "Amy Adams", 1, "Mysterious spacecraft land across the globe.");
INSERT INTO sale_items (id, name, seller, price, reservePrice, quantity, category, detailedDescriptionURL, typeOfSale, description) VALUES (3, "The Departed", 1, 1500, 2000, 4, 342, "Leonardo DiCaprio", 1, "Martin Scorsese's crime drama The Departed is set in South Boston where the state police force is waging an all-out war to take down the city's top organized crime ring. ");
INSERT INTO sale_items (id, name, seller, price, reservePrice, quantity, category, detailedDescriptionURL, typeOfSale, description) VALUES (4, "Dirty Grandpa", 1, 1400, 2000, 3, 342, "Robert DeNiro, Zac Efron", 1, "A hilarious and outrageous raunchy comedy starring Zac Efron and Robert DeNiro that proves you're only as young as you feel! ");
INSERT INTO sale_items (id, name, seller, price, reservePrice, quantity, category, detailedDescriptionURL, typeOfSale, description) VALUES (5, "The Sandlot", 1, 1200, 2000, 5, 342, "Art LaFleur, Tom Guiry", 1, "Nine boys become a team and their leader becomes a legend by confronting the terrifying mystery beyond the right field wall");
INSERT INTO sale_items (id, name, seller, price, reservePrice, quantity, category, detailedDescriptionURL, typeOfSale, description) VALUES (6, "Panasonic In-Ear Headphones", 2, 9250, 9000, 10, 30, "Black ultra soft", 1, "Black ultra-soft ErgoFit in-ear earbud headphones conform instantly to your ears");
INSERT INTO sale_items (id, name, seller, price, reservePrice, quantity, category, detailedDescriptionURL, typeOfSale, description) VALUES (7, "Beats Studio Wireless Over-Ear Headphones", 2, 22999, 25000, 3, 31, "Beats - Titanium", 1, "Pair and play with your Bluetooth device with 30 foot range.");
INSERT INTO sale_items (id, name, seller, price, reservePrice, quantity, category, detailedDescriptionURL, typeOfSale, description) VALUES (8, "Sony Noise Cancelling Headphones", 2, 3450, 4000, 4, 33, "Black On-Ear headphones", 1, "Noise-isolating headphones");
INSERT INTO sale_items (id, name, seller, price, reservePrice, quantity, category, detailedDescriptionURL, typeOfSale, description) VALUES (9, "BoomTouch Wireless Touch Portable Speaker", 2, 2499, 2600, 2, 3, "Wireless speaker", 1, "Clear, Crisp, High-Quality Sound that will be sure to amaze you & everyone else! ");
INSERT INTO sale_items (id, name, seller, price, reservePrice, quantity, category, detailedDescriptionURL, typeOfSale, description) VALUES (10, "ZOEE Outdoor Portable Stereo Speaker", 2, 1799, 2000, 6, 3, "Bluetook speaker", 1, "Distinct mids and highs from our two precision acoustic drivers delivers excellent stereo sound and enhanced bass from our proprietary Subwoofer design.");
INSERT INTO sale_items (id, name, seller, price, reservePrice, quantity, category, detailedDescriptionURL, typeOfSale, description) VALUES (11, "Sony Bookshelf Speaker", 2, 1999, 2100, 6, 5, "Bookshelf Speaker", 1, "Great speaker for a large livingroom!");
INSERT INTO sale_items (id, name, seller, price, reservePrice, quantity, category, detailedDescriptionURL, typeOfSale, description) VALUES (12, "Bose In-wall Speaker", 2, 4500, 5000, 2, 6, "In-wall Speaker", 1, "Easy install and great for home theatres!");
INSERT INTO sale_items (id, name, seller, price, reservePrice, quantity, category, detailedDescriptionURL, typeOfSale, description) VALUES (13, "Gorilla 12 Subwoofers", 2, 19999, 21000, 4, 7, "Subwoofers", 1, "Easy install car subwoofers.");
INSERT INTO sale_items (id, name, seller, price, reservePrice, quantity, category, detailedDescriptionURL, typeOfSale, description) VALUES (14, "Spencers Surround Sound Speakers", 2, 42999, 44000, 3, 8, "Surround sound speakers", 1, "Surround sound speakers that will blow your mind!");
INSERT INTO sale_items (id, name, seller, price, reservePrice, quantity, category, detailedDescriptionURL, typeOfSale, description) VALUES (15, "Sony DZE3 Receiver", 2, 9999, 1100, 2, 9, "Receiver", 2, "A great receiver to connect to any existing speakers.");
INSERT INTO sale_items (id, name, seller, price, reservePrice, quantity, category, detailedDescriptionURL, typeOfSale, description) VALUES (16, "Song XEE44 Amplifier", 2, 25999, 27000, 5, 10, "Amplifier", 1, "An amp that will blow your mind!");
INSERT INTO sale_items (id, name, seller, price, reservePrice, quantity, category, detailedDescriptionURL, typeOfSale, description) VALUES (17, "Pro Brand HDTV Tuner/Receiver ", 2, 23000, 25000, 3, 11, "Tuner",  1, "Fully integrated high-definition tuner/receiver with selectable 1080i, 720p, and 480p outputs");
INSERT INTO sale_items (id, name, seller, price, reservePrice, quantity, category, detailedDescriptionURL, typeOfSale, description) VALUES (18, "Audio Technica Belt-Drive Stereo Turntable", 2, 20000, 21000, 2, 12, "Turntable", 1, "Great for mixing!");
INSERT INTO sale_items (id, name, seller, price, reservePrice, quantity, category, detailedDescriptionURL, typeOfSale, description) VALUES (19, "Jensen JTA-230", 2, 4344, 4500, 2, 12, "Turntable", 2, "Belt Driven 3-Speed Stereo Turntable 33/45/78 RPM with Stereo Speaker System ");
INSERT INTO sale_items (id, name, seller, price, reservePrice, quantity, category, detailedDescriptionURL, typeOfSale, description) VALUES (20, "UGREEN 3.5mm to 2RCA Audio Auxiliary", 2, 699, 800, 1, 13, "Accessory", 1, "Ugreen 3.5mm to 2RCA Stereo Audio Splitter Cable connects your 3.5mm audio device like a Smartphone.");
INSERT INTO sale_items (id, name, seller, price, reservePrice, quantity, category, detailedDescriptionURL, typeOfSale, description) VALUES (21, "AmazonBasics 16-Gauge Speaker Wire", 2, 1034, 1200, 6, 13, "Wire", 1, "100 Feet of 16-gauge speaker wire.");
INSERT INTO sale_items (id, name, seller, price, reservePrice, quantity, category, detailedDescriptionURL, typeOfSale, description) VALUES (22, "Samsung Galaxy J7 No Contract Phone", 2, 14799, 16000, 4, 18, "Cell Phone", 1, "White Samsung Galaxy J7 with no contract needed.");
INSERT INTO sale_items (id, name, seller, price, reservePrice, quantity, category, detailedDescriptionURL, typeOfSale, description) VALUES (23, "LG Phoenix 2 K371 Mobile 4g LTE GSM", 2, 6900, 7500, 2, 18, "Cell Phone", 1, "5-Inch HD, 16GB, 8MP LED Flash + 5MP, Android 6.0 Locked AT&T Prepaid, U.S. Warranty.");
INSERT INTO sale_items (id, name, seller, price, reservePrice, quantity, category, detailedDescriptionURL, typeOfSale, description) VALUES (24, "Speck Products Presidio Grip Cell Phone Case", 2, 2299, 2400, 6, 19, "Phone Case", 1, "iPhone 7 Plus - Black/Black Case.");
INSERT INTO sale_items (id, name, seller, price, reservePrice, quantity, category, detailedDescriptionURL, typeOfSale, description) VALUES (25, "OtterBox DEFENDER SERIES Case", 2, 3499, 3600, 3, 19, "Phone Case", 1, "iPhone 7 Plus Case.");
INSERT INTO sale_items (id, name, seller, price, reservePrice, quantity, category, detailedDescriptionURL, typeOfSale, description) VALUES (26, "CM4 iPhone 7 Wallet Case", 2, 2999, 3200, 8, 19, "Phone Case", 1, "Q Card Case for iPhone 7.");
INSERT INTO sale_items (id, name, seller, price, reservePrice, quantity, category, detailedDescriptionURL, typeOfSale, description) VALUES (26, "Huawei E5573s-320 Unlocked 150 Mbps 4G LTE", 2, 9999, 1100, 7, 21, "Mobile hotspot", 1, "43.2 Mpbs 3G Mobile WiFi");
INSERT INTO sale_items (id, name, seller, price, reservePrice, quantity, category, detailedDescriptionURL, typeOfSale, description) VALUES (27, "Fitbit Blaze Smart Fitness Watch", 2, 19895, 20000, 4, 22, "Smart watch", 2, "Fitbit Blaze syncs automatically and wirelessly to 200+ leading iOS, Android and Windows devices using Bluetooth 4.0 wireless technology.");
INSERT INTO sale_items (id, name, seller, price, reservePrice, quantity, category, detailedDescriptionURL, typeOfSale, description) VALUES (28, "Anker Astro E1", 2, 1599, 1700, 3, 22, "Charger", 2, "The Anker Advantage: Join the 10 million+ powered by our leading technology. ");
USE fusion;

/* --------------------- Populate postal_addr Table --------------------------*/
INSERT INTO postal_addr (street_addr, city, state, zip, reg_id) VALUES ("305-3604 Magna Avenue", "Orbais", "WB", 22305, "1");
INSERT INTO postal_addr (street_addr, city, state, zip, reg_id) VALUES ("P.O. Box 688, 1481 Blandit Av.", "Vienna", "NY", 56000, "2");
INSERT INTO postal_addr (street_addr, city, state, zip, reg_id) VALUES ("P.O.Box 141, 8553 Scelerisque Rd.", "San Juan", "SJ", 97283, "3");
INSERT INTO postal_addr (street_addr, city, state, zip, reg_id) VALUES ("9667 Morbi Rd.", "Vallentuna", "Stockholms län", 18577, "4");
INSERT INTO postal_addr (street_addr, city, state, zip, reg_id) VALUES ("647-9311 Iaculis Rd.", "Salt Spring Island", "British Columbia", 23432, "5");
INSERT INTO postal_addr (street_addr, city, state, zip, reg_id) VALUES ("7784 Convallis Ave", "Worcester", "MA", 80373, "6");
INSERT INTO postal_addr (street_addr, city, state, zip, reg_id) VALUES ("5462 Ipsum. Rd.", "Grey County", "ON", 808689, "7");
INSERT INTO postal_addr (street_addr, city, state, zip, reg_id) VALUES ("820-647 Ac St.", "Van", "NY", 65275, "8");
INSERT INTO postal_addr (street_addr, city, state, zip, reg_id) VALUES ("Ap #990-9474 Natoque Road", "Rangiora", "South Island", 16568, "9");
INSERT INTO postal_addr (street_addr, city, state, zip, reg_id) VALUES ("4732 Erat. St.", "Alajuela", "AL", 05275, "10");
INSERT INTO postal_addr (street_addr, city, state, zip, reg_id) VALUES ("7993 Sodales. Rd", "Benalla", "VIC", 31651, "11");
INSERT INTO postal_addr (street_addr, city, state, zip, reg_id) VALUES ("244-3317 Lorem Av.", "Galway", "Connacht", 37646, "12");
INSERT INTO postal_addr (street_addr, city, state, zip, reg_id) VALUES ("Ap #915-2986 Aenean Rd.", "Chandler", "Arizona", 44527, "13");
INSERT INTO postal_addr (street_addr, city, state, zip, reg_id) VALUES ("2490 In Avenue", "Saint Paul", "MN", 99582, "14");
INSERT INTO postal_addr (street_addr, city, state, zip, reg_id) VALUES ("566-1057 Tellus St.", "Montreuil", "France", 43231, "15");
INSERT INTO postal_addr (street_addr, city, state, zip, reg_id) VALUES ("8712 Tempor Avenue", "Juazeiro do Norte", "Ceará", 30801, "16");
INSERT INTO postal_addr (street_addr, city, state, zip, reg_id) VALUES ("628-6056 Metus St.", "Toltén", "IX", 94255, "17");
INSERT INTO postal_addr (street_addr, city, state, zip, reg_id) VALUES ("4178 Pellentesque Ave", "Lachine", "QC", 06509, "18");
INSERT INTO postal_addr (street_addr, city, state, zip, reg_id) VALUES ("1161 Nunc St.", "São Gonçalo", "RJ", 60511, "19");
INSERT INTO postal_addr (street_addr, city, state, zip, reg_id) VALUES ("1990 Iaculis Av.", "Morwell", "VIC", 54391, "20");
